<keymap version="1" name="Windows copy" parent="$default">
  <action id="$Copy">
    <keyboard-shortcut first-keystroke="ctrl insert" />
  </action>
  <action id="ActivateTerminalToolWindow">
    <keyboard-shortcut first-keystroke="alt f12" />
    <keyboard-shortcut first-keystroke="ctrl t" />
  </action>
  <action id="Android.Designer.AutoArrange" />
  <action id="CloseContent">
    <keyboard-shortcut first-keystroke="ctrl f4" />
    <keyboard-shortcut first-keystroke="ctrl w" />
  </action>
  <action id="CommentByLineComment">
    <keyboard-shortcut first-keystroke="ctrl slash" />
    <keyboard-shortcut first-keystroke="ctrl divide" />
    <keyboard-shortcut first-keystroke="g" second-keystroke="c" />
  </action>
  <action id="EditorNextWord" />
  <action id="EditorNextWordWithSelection" />
  <action id="EditorPreviousWord" />
  <action id="EditorSelectWord" />
  <action id="FindNext">
    <keyboard-shortcut first-keystroke="f3" />
  </action>
  <action id="FindPrevious">
    <keyboard-shortcut first-keystroke="shift f3" />
  </action>
  <action id="NextSplitter">
    <keyboard-shortcut first-keystroke="ctrl l" />
  </action>
  <action id="NextTab">
    <keyboard-shortcut first-keystroke="alt right" />
    <keyboard-shortcut first-keystroke="alt l" />
  </action>
  <action id="PrevSplitter">
    <keyboard-shortcut first-keystroke="ctrl h" />
  </action>
  <action id="PreviousTab">
    <keyboard-shortcut first-keystroke="alt left" />
    <keyboard-shortcut first-keystroke="alt h" />
  </action>
  <action id="SaveAll" />
  <action id="SmartSelect" />
  <action id="SplitVertically">
    <keyboard-shortcut first-keystroke="ctrl c" />
  </action>
  <action id="Terminal.ClearBuffer" />
  <action id="Terminal.CopySelectedText">
    <keyboard-shortcut first-keystroke="ctrl insert" />
  </action>
  <action id="TypeHierarchy" />
  <action id="TypeHierarchyBase.BaseOnThisType" />
  <action id="UsageFiltering.WriteAccess" />
  <action id="Vcs.Log.FocusTextFilter" />
  <action id="Vcs.UpdateProject" />
</keymap>